Workbook

Sheet 0. Pengaturan & Rekap
A1: PENGATURAN & REKAP — OPSI 2: TANPA STARTER KIT (RAKIT SATUAN)
A4: Input Utama
A5: Jumlah Anak (Siswa) | B5: 25
A6: Batas Anggaran per Anak (Rp) | B6: 550000
A8: Ringkasan Biaya (Otomatis)
A9: Total Biaya — 1. Item per Anak (Rp) | B9: ='1. Item Yang Dibeli'!H37 -> 12427150
A12: TOTAL KESELURUHAN (Rp) | B12: =B9 -> 12427150
A13: Biaya Rata-rata per Anak (Rp) | B13: =B12/B5 -> 497086
A14: Selisih dari Batas Anggaran (Rp) [positif = masih di bawah batas] | B14: =B6-B13 -> 52914
A16: Status Anggaran | B16: =IF(B13<=B6,"OK - SESUAI ANGGARAN","MELEBIHI ANGGARAN") -> OK - SESUAI ANGGARAN
A18: Juga ditambahkan 1 Tool Box per anak supaya semua komponen kecil tidak tercecer

Sheet 1. Item Yang Dibeli
A1: 1. ITEM PER ANAK — KOMPONEN SATUAN (TANPA STARTER KIT)
A4: No | B4: Nama Komponen | C4: Kategori | D4: Harga Satuan (Rp) | E4: Jumlah per Anak | F4: Biaya per Anak (Rp) | G4: Jumlah Anak | H4: Total Biaya (Rp) | I4: Toko / Link | J4: Jumlah Dibeli
A5: 1 | B5: Arduino Uno R3 Compatible Atmega328p CH340 | C5: Kit Dasar | D5: 57500 | E5: 1 | F5: =D5*E5 -> 57500 | G5: ='0. Pengaturan & Rekap'!$B$5 -> 25 | H5: =F5*G5 -> 1437500 | I5: Starlectric | J5: =G5*E5 -> 25
A6: 2 | B6: Breadboard MB-102 Solderless 830 Titik | C6: Kit Dasar | D6: 10500 | E6: 1 | F6: =D6*E6 -> 10500 | G6: ='0. Pengaturan & Rekap'!$B$5 -> 25 | H6: =F6*G6 -> 262500 | I6: CNC Store | J6: =G6*E6 -> 25
A7: 3 | B7: Sensor Ultrasonic HY-SRF05 (untuk Tong Sampah Otomatis, 3 unit) | C7: Sensor — 3 Proyek Utama | D7: 15000 | E7: 3 | F7: =D7*E7 -> 45000 | G7: ='0. Pengaturan & Rekap'!$B$5 -> 25 | H7: =F7*G7 -> 1125000 | I7: IoT Store | J7: =G7*E7 -> 75
A8: 4 | B8: Motor Servo SG90 (Tong Sampah, Parkiran & Pintu RFID — pengganti solenoid, 3 unit) | C8: Sensor — 3 Proyek Utama | D8: 5600 | E8: 3 | F8: =D8*E8 -> 16800 | G8: ='0. Pengaturan & Rekap'!$B$5 -> 25 | H8: =F8*G8 -> 420000 | I8: CNC Store | J8: =G8*E8 -> 75
A9: 5 | B9: Buzzer Speaker Active 5V (untuk Tong Sampah & Pintu RFID) | C9: Sensor — 3 Proyek Utama | D9: 1700 | E9: 2 | F9: =D9*E9 -> 3400 | G9: ='0. Pengaturan & Rekap'!$B$5 -> 25 | H9: =F9*G9 -> 85000 | I9: CNC Store | J9: =G9*E9 -> 50
A10: 6 | B10: Sensor Inframerah Obstacle | C10: Sensor — 3 Proyek Utama | D10: 5600 | E10: 1 | F10: =D10*E10 -> 5600 | G10: ='0. Pengaturan & Rekap'!$B$5 -> 25 | H10: =F10*G10 -> 140000 | I10: CNC Store | J10: =G10*E10 -> 25
A11: 7 | B11: SUDAH SOLDER RC522 RFID Module (untuk Pintu Otomatis RFID) | C11: Sensor — 3 Proyek Utama | D11: 17546 | E11: 1 | F11: =D11*E11 -> 17546 | G11: ='0. Pengaturan & Rekap'!$B$5 -> 25 | H11: =F11*G11 -> 438650 | I11: Art Techno | J11: =G11*E11 -> 25
A12: 8 | B12: Tempat Sampah Mini Dustbin Yoshikawa PI-1012 | C12: Maket 1. Tong Sampah Otomatis | D12: 23000 | E12: 1 | F12: =D12*E12 -> 23000 | G12: ='0. Pengaturan & Rekap'!$B$5 -> 25 | H12: =F12*G12 -> 575000 | I12: Shopee | J12: =G12*E12 -> 25
A13: 9 | B13: Simulasi Palang Pintu Otomatis Gerbang Parkir (Servo, 2 unit) | C13: Maket 2. Parkiran Otomatis | D13: 13600 | E13: 2 | F13: =D13*E13 -> 27200 | G13: ='0. Pengaturan & Rekap'!$B$5 -> 25 | H13: =F13*G13 -> 680000 | I13: Shopee | J13: =G13*E13 -> 50
A14: 10 | B14: Diorama Diecast Hotwheels/Tomica Parking Lot Skala 64 | C14: Maket 2. Parkiran Otomatis | D14: 25000 | E14: 1 | F14: =D14*E14 -> 25000 | G14: ='0. Pengaturan & Rekap'!$B$5 -> 25 | H14: =F14*G14 -> 625000 | I14: Shopee | J14: =G14*E14 -> 25
A15: 11 | B15: [HAGO] Mainan Mobil Diecast Pull Back Miniatur | C15: Maket 2. Parkiran Otomatis | D15: 1500 | E15: 3 | F15: =D15*E15 -> 4500 | G15: ='0. Pengaturan & Rekap'!$B$5 -> 25 | H15: =F15*G15 -> 112500 | I15: Shopee | J15: =G15*E15 -> 75
A16: 12 | B16: LCD 1602 16x2 I2C Serial Interface Adapter Module | C16: Pengenalan | D16: 23900 | E16: 1 | F16: =D16*E16 -> 23900 | G16: ='0. Pengaturan & Rekap'!$B$5 -> 25 | H16: =F16*G16 -> 597500 | I16: IoT Store | J16: =G16*E16 -> 25
... A28: 24 | B28: Tool Box Besar ISKU 14 Inch (36x19x18cm) — supaya komponen tidak tercecer | C28: Penyimpanan | D28: 55790 | E28: 1 | F28: =D28*E28 -> 55790 | G28: ='0. Pengaturan & Rekap'!$B$5 -> 25 | H28: =F28*G28 -> 1394750 | I28: PERKAKASKU.ID | J28: =G28*E28 -> 25
A29: 25 | B29: Kawat Stainless Steel 304 Soft 0.5mm 10 meter (Tong Sampah Otomatis, 1 gulung untuk 2 anak) | C29: Maket 1. Tong Sampah Otomatis (Massal, isi 1 gulung/paket) | D29: 6000 | E29: 0.5 | F29: =H29/G29 -> 3120 | G29: ='0. Pengaturan & Rekap'!$B$5 -> 25 | H29: =J29*D29 -> 78000 | I29: Shopee | J29: =CEILING(E29*G29/1,1) -> 13
A30: 26 | B30: Paket Lampu LED 5mm 100pcs 5 Warna | C30: Komponen Umum (Massal, isi 100 pcs/paket) | D30: 21000 | E30: 15 | F30: =H30/G30 -> 3360 | G30: ='0. Pengaturan & Rekap'!$B$5 -> 25 | H30: =J30*D30 -> 84000 | I30: Muria Elektronik | J30: =CEILING(E30*G30/100,1) -> 4
A31: 27 | B31: Paket 600pcs Resistor 1/4W (30 Nilai) | C31: Komponen Umum (Massal, isi 600 pcs/paket) | D31: 27000 | E31: 15 | F31: =H31/G31 -> 1080 | G31: ='0. Pengaturan & Rekap'!$B$5 -> 25 | H31: =J31*D31 -> 27000 | I31: CNC Store Bandung | J31: =CEILING(E31*G31/600,1) -> 1
A32: 28 | B32: Kabel Jumper Male to Male (isi 40 pin/pack) | C32: Komponen Umum (Massal, 1 paket per anak) | D32: 14000 | E32: 1 | F32: =D32*E32 -> 14000 | G32: ='0. Pengaturan & Rekap'!$B$5 -> 25 | H32: =F32*G32 -> 350000 | I32: jevon.elektronik | J32: =G32*E32 -> 25
A33: 29 | B33: Kabel Jumper Female to Female (isi 40 pin/pack) | C33: Komponen Umum (Massal, 1 paket per anak) | D33: 12000 | E33: 1 | F33: =D33*E33 -> 12000 | G33: ='0. Pengaturan & Rekap'!$B$5 -> 25 | H33: =F33*G33 -> 300000 | I33: jevon.elektronik | J33: =G33*E33 -> 25
A34: 30 | B34: Kabel Jumper Male to Female (isi 40 pin/pack) | C34: Komponen Umum (Massal, 1 paket per anak) | D34: 13000 | E34: 1 | F34: =D34*E34 -> 13000 | G34: ='0. Pengaturan & Rekap'!$B$5 -> 25 | H34: =F34*G34 -> 325000 | I34: jevon.elektronik | J34: =G34*E34 -> 25
A35: 31 | B35: Solder 60w + Timah 5m [ALAT BERSAMA, 1 set per 5 anak] | C35: Alat Bersama (Massal, 1 set per 5 anak) | D35: 42500 | E35: 0.2 | F35: =H35/G35 -> 8500 | G35: ='0. Pengaturan & Rekap'!$B$5 -> 25 | H35: =J35*D35 -> 212500 | I35: Shopee | J35: =CEILING(E35*G35/1,1) -> 5
A36: 32 | B36: Lem Tembak 1 set + Stick Lem 10pcs [ALAT BERSAMA, 1 set per 5 anak] | C36: Alat Bersama (Massal, 1 set per 5 anak) | D36: 32000 | E36: 0.2 | F36: =H36/G36 -> 6400 | G36: ='0. Pengaturan & Rekap'!$B$5 -> 25 | H36: =J36*D36 -> 160000 | I36: Shopee | J36: =CEILING(E36*G36/1,1) -> 5
A37: TOTAL — 1. Item per Anak | F37: =SUM(F5:F36) -> 497086 | H37: =SUM(H5:H36) -> 12427150
